{
  "rmse": 7809.586498615865,
  "mae": 5667.3818686687355,
  "r2": 0.724176357532168
}